{"cameraMode":{"drawMode":0,"name":"Shaded","section":"Shading Mode"},"sceneLighting":true,"audioPlay":false,"sceneViewState":{"showFog":true,"showMaterialUpdate":false,"showSkybox":true,"showFlares":true,"showImageEffects":true,"showParticleSystems":true},"in2DMode":false,"pivot":{"x":5.17805814743042,"y":2.3334403038024904,"z":0.3131175637245178},"rotation":{"x":-0.0855548232793808,"y":0.058845795691013339,"z":-0.005061659961938858,"w":-0.9945831298828125},"size":15.252346992492676,"orthographic":false}